address,zipcode
1200 S Linn White Dr,60605
1200 S Lake Shore Drive,60605
3155 S Lake Shore Dr,60615
4100 S Lake Shore Drive,60653
5700 S Lake Shore Drive,60637
5700 South Lake Shore Drive,60611
6401 S Stony Island Ave,60637
5900 S Lake Shore Drive,60637
6300 S Lake Shore Drive,60649
6301 S Lake Shore Drive,60637
1440 North Humboldt Drive,60622
2045 N Lincoln Park West,60614
6205 N Sheridan Rd,60660
337 E Randolph St,60602
49 E 95th St,60619
1200 S Linn White Dr,60605
1200 S Lake Shore Drive,60605
3155 S Lake Shore Dr,60615
4100 S Lake Shore Drive,60653
5700 S Lake Shore Drive,60637
5700 South Lake Shore Drive,60611
6401 S Stony Island Ave,60637
5900 S Lake Shore Drive,60637
6300 S Lake Shore Drive,60649
6301 S Lake Shore Drive,60637
1440 North Humboldt Drive,60622
2045 N Lincoln Park West,60614
6205 N Sheridan Rd,60660
337 E Randolph St,60602
49 E 95th St,60619
49 E 95th St,60619
2045 N Lincoln Park West,60614
11250 S Ada St,60643
11250 S Ada St,60643
1919 N Seminary Ave,60614
7535 S Dobson Ave,60619
550 E Grand Ave,60611
1434 S Loomis,60608
1434 S Loomis Street,60608
2045 N Lincoln Park West,60614
1300 S Lake Shore Dr,60605
1521 S Linn White Dr,60605
541 N Fairbanks Ct,60611
100 N Central Park Ave,60624
337 E Randolph St,60602
3801 W 111th St,60655
2133 N McVicker Ave,60639
865 SPark Terrace,60605
2045 N Lincoln Park West,60614
2941 N Washtenaw Ave,60618
2234 W 115th St,60643
515 S Washtenaw Ave,60612
515 S Washtenaw Ave,60612
2045 N Lincoln Park West,60614
1521 S Linn White Dr,60605
6200 W Bloomingdale Ave,60639
5110 N Damen Ave,60625
7655 S Ingleside Ave,60619
1611 S Wabash Avenue,60601
1611 S Wabash Ave,60601
1611 S Wabash Avenue,60601
3748 South Prairie Avenue,60653
3748 S Prairie Ave,60653
5233 N Ashland Ave,60640
2333 W Sunnyside Ave,60625
11132 S St Lawrence Ave,60628
11132 S St Lawrence,60628
4901 S Kilbourn Ave,60632
4901 S Kilbourn Ave,60632
4901 S Kilbourn,60632
860-880 Lake Shore Drive,60611
3309 S Shields Ave,60616
3823 S Union,60616
3309 S Shields Ave,60616
4433 S St Lawrence Ave,60653
6644 S University Ave,60637
801 S Loomis St,60607
1400 South Lake Shore Drive,60605
111 S Michigan Ave,60603
2701 E 74th St,60649
4807 W Gunnison St,60630
4237 S Wabash Ave,60653
2901 S Poplar Ave,60608
6871 W Belden Ave,60707
4639 N Kenmore Ave,60640
3546 W Addison St,60618
406 W Winneconna,60620
406 W Winneconna Pkwy,60620
406 W Winneconna Pkwy,60620
4433 W Augusta Blvd,60651
5951 W Lake St,60644
6020 W Foster Ave,60630
5610 W Lake St,60644
5610 West Lake Street,60644
5610 W Lake St,60644
5951 W Lake St,60644
6020 W Foster Ave,60630
1215 E 83rd St,60619
3516 W School St,60618
3516 W School,60618
3516 W School St,60618
4922 S Throop,60609
4922 S Throop St,60609
4920 S Throop St,60609
2434 S Leavitt St,60608
2434 S Leavitt,60608
2825 W Arthington St,60612
10431 S Longwood Dr,60643
2022 W Cermak Rd,60608
2022 W Cermak,60608
115 S Sangamon,60607
115 S Sangamon St,60607
9801 S Avenue G,60617
1640 N Maplewood,60647
9801 South Avenue G,60617
2022 W Cermak,60608
1801 S Calumet Ave,60616
501 W Wisconsin St,60614
6156 S Dearborn Ave,60637
6156 S Dorchester Ave,60637
6156 S DORCHESTER AVE,60637
1725 N Springfield Ave,60647
3020 N Oak Park Ave,60634
3020 N Oak Park Ave,60634
3600 North Recreation Drive,60613
Belmont & Lake Shore Drive,60614
220 E Chicago Ave,60611
3925 E 104th St,60617
2045 N Lincoln Park West,60614
6205 N Sheridan Rd,60660
Berger Park 6205 N Sheridan,60660
6205 N Sheridan Rd,60660
8930 S Muskegon Ave,60617
8930 S Muskegon,60617
5445 S Drexel Ave,60615
2460 W 102nd St,60642
1461 W Ohio St,60642
11555 S Stony Island Ave,60617
(1800N) between Ashland (1600W) and Ridgeway (3750W),60614
4921 N Marine Drive,60640
425 E 45th St,60653
425 E 45th St,60653
6743 South Kedzie Avenue,60629
5641 S Kenwood Ave,60637
2318 N Lavergne Ave,60639
11500 S Homewood Ave,60643
Unnamed Road,67749
346 W 104th St,60628
1600-3750 W Bloomingdale Ave,60647
3939 W 79th St,60652
1966 W 111th St,60643
3601 W Arthington St,60624
3044 S Bonfield St,60608
3044 S Bonfield St,60608
6644 S University Ave,60637
1801 S Indiana Ave,60616
9729 SYates Ave,60617
9729 S Yates Ave,60617
1246 W 92nd St,60620
1246 W 92nd St,60620
3285 N Elston Ave,60618
3285 North Elston Avenue,60618
(1800N) between Ashland (1600W) and Ridgeway (3750W),60614
3501 S Richmond St,60632
5917 N Broadway,60660
5917 N Broadway Chicago,60660
5917 N Broadway,60660
5917 N Broadway Chicago,60660
5400 N Broadway,60640
4437 N Magnolia Ave,60640
4542 S Greenwood Ave,60653
7100 N Harlem Ave,60631
7100 N Harlem Ave,60631
634 E 86th St,60619
Bryn Mawr & Lake Shore Drive,60614
5636 N Pulaski Rd,60646
2045 N Lincoln Park West,60614
1049 W Buena Ave,60613
4501 N California Ave,60625
5917 N Broadway Chicago,60660
1200-5700 S Lake Shore Drive,60615
3900 S Lake Shore Dr,60615
1559 S Lake Shore Drive,60615
4700 S Lake Shore Dr,60615
5400 S Lake Shore Dr,60615
500 E Mc Fetridge Dr,60615
Lakefront Trail,60616
2616 South Shields Avenue,60616
349 East 48th Street,60615
9400 S Greenwood Ave,60619
9400 S GREENWOOD AVE Chicago,60619
1400 North Sacramento Avenue,60622
4901 N Sheridan Rd,60640
5324 S Woodlawn Ave,60615
2200 E 103rd St,60617
2045 N Lincoln Park West,60614
3843 N California Ave,60618
9801 S Avenue G,60617
9801 S Avenue G,60617
Calumet Park Fieldhouse,60617
9806 S Ave G,60617
9807 S Ave G,60617
9803 S Ave G,60617
9802 S Ave G,60617
8500 South Green Bay Avenue,60617
9801 S Avenue G,60617
2750 S Ashland Ave,60608
2701 S Ashland Ave,60608
2900 S Ashland Ave,60608
337 E Randolph St,60601
4100 N Long Ave,60641
1130 Midway Plaisance North,60637
1224 W Carmen Ave,60640
6153 S Carpenter St,60621
1501 W Randolph St,60607
939 E 132nd St,60827
939 E 132nd St,60827
939 E132nd St,60827
5311 N Winthrop Ave,60640
6068 N Northwest Highway,60631
721 N Central Park Ave,60624
1100 W Irving Park Rd,60613
4227 S Greenwood Ave,60653
2045 N Lincoln Park West,60614
1425 N Damen Avenue,60622
4701 N Ashland Ave,60640
1130 Midway Plaisance North,60637
7001 S Dante Ave,60611
2045 N Lincoln Park West,60614
1719 W Wolfram,60657
3857 W 111th St,60655
1601 North Clark Street,60614
1801 S Indiana Ave,60616
1801 S Indiana,60616
2318 N Lavergne Ave,60639
6748 N Sacramento Ave,60645
6748 N Sacramento Ave,60645
3420 N Long Ave,60641
1533 S Christiana Ave,60623
801 S Loomis St,60607
1825 N Damen Ave,60614
1825 N Damen Ave,60614
6601 N Western Ave,60645
2500 W Lunt Ave,60645
2045 N Lincoln Park West,60614
2334 W Flournoy St,60612
301 S Columbus Dr,60601
Congress Pkwy & Columbus Dr,60605
399 South Columbus Drive,60605
4501 N Clarendon Ave,60640
4501 N Marine Drive,60640
4501 N Clarendon Ave,60640
4615 W Jackson Blvd,60644
3400 N Rockwell St,60618
3400 N Rockwell Ave,60618
3400 N Rockwell St,60618
3400 N Rockwell Ave,60618
4615 W Jackson Blvd,60644
2210 N Southport Ave,60614
1755 N Clybourn Ave,60614
5550 N Magnolia Ave,60640
5554 N Magnolia,60640
361 E 85th St,60619
5445 S Drexel Ave,60615
1466 S Wabash Ave,60605
500 S Central Ave,60644
500 S Central Ave,60644
500 S Central,60644
5701 W Jackson Boulevard Chicago,60644
500 S Central Park Ave,60644
350 S Central Ave,60644
5793 W Adams Blvd,60644
5701 W Jackson Blvd,60644
2045 N Lincoln Park West,60614
1434 S Loomis Street,60608
630 N Kingsbury St,60606
1845 W Rice St,60622
1845 W Rice St,60622
4701 N Ashland Ave,60640
331 W 45th St,60609
1331 W Adams St,60607
1331 W Monroe St,60607
410 W Chicago Ave,60654
2460 W 102nd St,60655
1501 W Randolph St,60607
861 N Wabash Ave,60611
861 North Wabash Avenue,60611
4430 S Marshfield Ave,60609
Lakefront Trail,60640
11712 S Ada Street,60643
5473 S Cornell Ave,60615
1809 W 50th St,60609
4850 S Cornell Dr,60615
1809 W 50th St,60609
9201 S Longwood Dr,60620
44 W 15th St,60616
5058 W West End Ave,60644
5058 W End Ave,60644
2045 N Lincoln Park West,60614
2021 N Burling St,60614
2611 N Lockwood Ave,60639
1516 S Karlov Ave,60623
2333 W Sunnyside Ave,60625
2200 W 108th Pl,60643
4500 N Lakeshore Drive | W Montrose,60607
6404 N Kedzie,60645
2045 N Lincoln Park West,60614
4949 S Archer Ave,60632
6340 N Lakewood,60660
6340 N Lakewood Ave,60660
3150 South Western Avenue,60608
3150 S Western Ave,60608
Damen Ave & Bloomingdale Ave,60606
1521 S Linn White Dr,60605
6743 S Kedzie Ave,60629
4430 S Marshfield Ave,60609
5427 W Division St,60651
8052 S Damen Ave,60620
8052 S Damen Ave,60620
1805 N Albany Ave,60647
4901 W Wabansia Ave,60639
6056 N Landers Ave,60646
9801 S Ave G,60617
1344 N Dean St,60622
1344 N Dean,60622
301-405 123rd Street,60628
865 SPark Terrace,60605
1126 E 80th St,60619
6401 S Stony Island Ave,60637
5491 S Shore Drive,60615
4101 N Lavergne Ave,60641
100-162 East Harrison Street,60605
141 W Diversey Parkway,60614
2601 N Cannon Drive,60614
2601 N Cannon Dr,60614
8701 S Dauphin Ave,60619
7521 S Dobson Ave,60619
2732 WPolk St,60612
1833 E 71st,60649
1833 E 71st,60649
1230 W School St,60657
3620 S Lituanica Ave,60609
3402 W 77th St,60652
1041 W Columbia Ave,60626
2021 N Burling St,60614
9336 S Kingston Ave,60617
1401 S Sacramento Dr,60623
1401 S Sacramento Ave,60623
1401 S Sacramento,60623
1401 South Sacramento Drive,60623
1400 S California Ave,60623
1788 South California Avenue,60608
1850 S Albany Ave,60623
1470 S Albany Ave,60623
1820 S Farrar Dr,60623
1401 S Sacramento Dr,60623
2045 N Lincoln Park West,60614
1200 W 77th St,60620
2710 S Dearborn,60616
2710 S Dearborn C,60616
6931 S Damen Ave,60636
7442 N Ashland Ave,60626
300 E 31st St,60616
220 E 29th St,60616
220 E 31st St,60616
4638 N Melvina Ave,60630
4638 N Melvina Ave,60630
1359 South Indiana Avenue,60605
8445 S Kolin Ave,60652
421 W Locust St,60610
111 N Lake Shore Drive,60601
401 N Lake Shore Drive,60611
740 E 56th Pl,60637
401 N Lake Shore Dr,60611
1119 W Cullerton St,60608
1119 West Cullerton Street,60608
2101 S May St,60608
1119 W Cullerton St,60608
555 E 51st St,60615
2045 N Lincoln Park West,60614
1001 W Wrightwood Ave,60614
331 W 45th St,60609
2400 E 82nd St,60617
2400 East 82nd Street,60617
1330 W Chicago Ave,60642
1330 W Chicago Ave,60642
6525 N Hiawatha Ave,60646
4921 N Marine Drive,60640
6755 N Northwest Hwy,60631
711 W 60th Pl,60621
2230 W Cortland St,60647
2230 W Cortland St,60647
2045 N Lincoln Park West,60614
3520 S Cottage Grove Ave,60653
3520 S Cottage Grove Avenue,60653
707 E 37th St,60653
3520 S Cottage Grove,60653
535 E 35th St,60653
5215 S Woodlawn Ave,60615
3451 N Troy St,60618
2021 N Burling St,60614
5600 S Emerald Ave,60621
Rainey Drive,60637
201 East 111th Street,60628
1824 S Wood St,60608
1820 W Granville Ave,60660
2045 N Lincoln Park West,60614
Lakefront Trail,60613
6201 South Stewart Ave,60621
7687 S Chicago Ave,60619
201 E 111th St,60628
9800 S Parnell Ave,60628
9800 S Parnell Ave,60628
5100 N Ridgeway Ave,60625
1701 N LaSalle St,60614
631 W Belmont Ave,60657
631 W Belmont Ave,60657
1801 North Ridgeway Avenue,60647
1809 W 50th St,60609
2430 North Cannon Drive,60614
1300 W Fargo Ave,60626
337 E Randolph St,60601
5001 S Cottage Grove Ave,60615
2000 W Belmont Ave,60618
10436 S Wallace St,60628
9501 S Eggleston Ave,60628
10436 S Wallace St,60628
5100 N Ridgeway Ave,60625
1822 W Larchmont Ave,60613
6401 S Stony Island Ave,60637
400-452 South Central Avenue,60644
429 N Columbus Dr,60611
2554 W Moffat St,60647
6600 S Woodlawn Ave,60637
2045 N Lincoln Park West,60614
11555 S Stony Island Ave,60617
5069 W Berwyn Ave,60630
5069 W Berwyn Ave,60630
1312 S Racine Ave,60608
1313 S Throop St,60608
1440 W 84th St,60620
5200 N Lake Shore Dr,60611
Foster & Lakeshore drive,60640
1440 W 84th St,60620
2045 N Lincoln Park West,60614
4320 W 15th St,60623
4320 W 15th Street,60624
6566 N Avondale Ave,60631
331 W 45th St,60609
2411 W 55th St,60629
2411 W 55th St,60609
5729 W Bloomingdale Ave,60639
2045 N Lincoln Park West,60614
100 N Central Park Ave,60624
300 N Central Park Ave,60624
100 North Central Park Avenue,60624
Garfield Park Fieldhouse,60624
100 N Central Park,60624
300 N Central Ave,60624
100 N Central Park Ave,60624
3430 W Madison St,60624
160 N Homan Ave,60624
1520 W Polk St,60607
810 E 103rd St,60628
744 E 103rd St,60628
10201 South Cottage Grove Avenue,60628
2045 N Lincoln Park West,60614
5531 S Martin Luther King Dr,60637
825 W Sheridan Rd,60613
1448 S Trumbull Ave,60623
1448 S Trumbull,60623
9247 S Eggleston Ave,60620
5421 N Menard Ave,60630
3301 W Gladys Ave,60624
2045 N Lincoln Park West,60614
7043 N Glenwood Ave,60626
13000 S Eberhart Ave,60627
446 East 111th Place,60628
13000 S Eberhart,60627
4222 W Foster Ave,60630
4222 W Foster Ave,60630
4648 N Malden St,60640
2045 N Lincoln Park West,60614
1249 N Astor St,60610
2741 W Montrose Ave,60618
610-30 W Adams St,60661
7655 S Ingleside Ave,60619
7655 S Ingleside Ave,60619
3529 W Grand Ave,60651
3531 W Grand Ave,60651
Stockton Dr & Webster Ave,60614
5445 N Chester St,60656
Columbus Drive,60601
951 S Columbus Drive,60601
1400 S Lake Shore Drive,60601
1400 S Lake Shore Drive,60601
Michigan & Jackson,60601
Monroe & Lakeshore drive,60601
Monroe & Columbus Drive,60601
500 S Lake Shore Dr,60601
601 S Michigan Ave,60601
2850 W Avondale Ave,60618
3000 North Avondale Avenue,60618
1518 W 102nd Pl,60643
1518 W 102nd Pl,60643
6500 N Algonquin Ave,60646
2650 W Peterson Ave,60659
4300 W Wabansia Ave,60639
4300 W Wabansia Ave,60639
1208 W Jarvis Ave,60626
2708 W Lawrence Ave,60625
1520 W Polk St,60607
1425 N Damen Ave,60622
4532 S Greenwood Ave,60653
2402 N Washtenaw Ave,60647
2402 N Washtenaw,60647
2402 N Washtenaw Ave,60647
337 E Randolph St,60602
247 W 23rd Pl,60616
6258 W 62nd St,60638
513 W 72nd St,60621
513 W 72nd St,60621
513 W 72ND ST Chicago,60621
3035 N Hoyne Ave,60618
3035 N Hoyne Ave,60618
2045 N Lincoln Park West,60614
5635 S Indiana Ave,60637
3917 W Division St,60651
4912 S Calumet Ave,60615
6200 S Drexel Ave,60637
6781 S Lowe Ave,60621
1824 S Wood St,60608
1824 S Wood St,60608
1801 South Wood Street,60608
within Harrison Park Fieldhouse,60608
4458-70 S Oakenwald Ave,60653
4458 S Oakenwald Ave,60653
1050 W Albion Ave,60626
1123 West Farwell Avenue,60626
1050 W Pratt Ave,60626
6855 S Oglesby Ave,60649
2936 W 85th St,60652
5949 W Huron St,60644
2500 West Lunt Avenue,60645
13000 S Torrence Ave,60633
13200-13298 S Torrence Ave,60633
1040 W Columbia Ave,60626
1801 S Indiana Ave,60616
610-30 W Adams St,60606
5839 S Wood St,60636
2240 N Kilbourn Ave,60639
1355 E 53rd St,60615
2045 N Lincoln Park West,60614
8029 W Forest Preserve Ave,60634
4834 N Winthrop Ave,60640
7740 S Ingleside Ave,60619
513 W 72nd St,60621
4100 N Long Ave,60641
7201 S Dobson Ave,60619
7201 S Dobson Ave,60619
7201 S Dobson,60619
1607 E 73rd St,60649
4046 S Ellis Ave,60653
4052 S Ellis Ave,60653
2045 N Lincoln Park West,60614
3312 W Thorndale Ave,60659
2200 N Oakley Ave,60647
2200 N Oakley Ave,60647
2140 S Homan Avenue,60623
2140 S Homan Ave,60623
3559 W Arthington St,60624
3559 W Arthington,60624
4635 S Champlain Ave,60653
916 N Honore St,60622
3035 W Van Buren St,60612
1416-26 SHamlin Ave,60623
1422 S Hamlin Ave,60623
2741 W Montrose Ave,60618
2741 W Montrose Ave,60618
5861 N Kostner Ave,60646
2741 W Montrose,60618
600 N Lake Shore Dr,60611
5001 S Cottage Grove Ave,60615
7519 N Eastlake Terrace,60626
7519 N Eastlake Terrace,60626
1300 W Howard St,60626
3417 S Hamiltion Ave,60608
3417 South Hamilton Avenue,60608
4942-58 W Hubbard St,60644
4950 W Hubbard St,60644
6200 S Kimbark Ave,60637
2045 N Lincoln Park West,60614
3050 South Lowe Ave,60616
1440 N Humboldt Boulevard,60622
1000 N Sacramento Ave,60622
1400 N Humboldt Blvd,60622
1440 N Humboldt Blvd,60622
1400 N Sacramento Ave,60622
1800 North Humboldt Boulevard,60647
1359 N Humboldt Blvd,60622
Louis Munoz Marin Drive at Division,60622
958 N Sacramento Ave,60622
1300 N California Ave,60622
2925 W North Ave,60622
2800 W Le Moyne Dr,60622
3025 W Augusta Blvd,60622
1230 N Kedzie Ave,60622
1200 N Humboldt Blvd,60622
"1400 N Humboldt Dr,",60622
1350 N California Ave,60622
1300 S Linn White Dr,60605
1901 W 100th St,60643
375 W Elm St,60610
337 E Randolph St,60602
9801 S Avenue G,60617
1312 S Racine Ave,60608
3945 N Springfield Ave,60618
3945 N Springfield Ave,60618
2500 W Lunt Ave,60645
2500 W Estes Ave,60645
2045 N Lincoln Park West,60614
11740 S Torrence Ave,60617
11600 S Torrence Ave,60617
6010 W Matson Ave,60646
6010 W Matson Ave,60646
8930 S Muskegon Ave,60617
10540 S Morgan St 0C,60643
10540 S Morgan St,60643
6401 S Stony Island Ave,60637
8385 S Birkhoff Ave,60620
4319 S Indiana Ave,60653
6401 S Stony Island Ave,60637
6379 South Lake Shore Drive,60649
At 61st St between S Cornell Dr and South Shore Drive,60649
Unnamed Road,60649
6147 South Evans Avenue,60637
6400 S Lake Shore Drive,60637
6400 S Coast Guard Drive,60637
Cornell Dr & Lake Shore Dr,60637
1625 E 56th St,60637
5625 S Stony Island Ave,60637
6401 S Lake Shore Dr,60637
6375 S Stony Island Ave,60637
2000 E 67th St,60637
1725 E 67th St,60637
6200 S Stony Island Ave,60637
4319 S Indiana Ave,60653
6401 S Stony Island Ave,60637
4674 NVirginia Ave,60625
2731 South Eleanor Street,60608
550 E Grand Ave,60611
2045 N Lincoln Park West,60614
3101 W Fulton St,60612
4822 N Long Ave,60630
1709 S Des Plaines St,60616
4822 N Long Ave,60630
1709 S Des Plaines St,60616
1640 S Jefferson St,60616
4650 N Lawndale Ave,60625
8800 S Clyde Ave,60617
410 W Chicago Ave,60610
410-412 West Chicago Avenue,60610
410 W Chicago Ave,60654
2045 N Lincoln Park West,60614
337 E Randolph St,60602
1240 S Plymouth Ct,60616
1023 W Wrightwood Ave,60614
1001 W Wrightwood Ave,60614
3225 S Racine Ave,60608
2210 W Pershing Rd,60609
1362 S Linn White Drive,60605
1805 NAlbany Ave,60647
1805 NAlbany Ave,60647
345 W 64th St,60621
7751 N Eastlake Terrace,60626
"7751 N Eastlake Terrace,",60626
3652 N Greenview Ave,60613
1521 S Linn White Dr,60605
4134 W Hirsch St,60651
1243 S Keeler Ave,60651
3201 W Chicago Ave,60624
2725 W 41st St,60632
3800 N Seminary Ave,60613
4136 S California Ave,60632
4438 W Wrightwood Ave,60639
4438 W Wrightwood Ave,60639
2715 North Kilbourn Avenue,60639
2945 N Kenosha Ave,60641
3141 N Kenmore Ave,60657
11320 S Western Ave,60655
11320 S WESTERN AVE,60643
4434 S Lake Park Ave,60653
4434 S Lake Park Ave,60653
345 E 118th St,60628
1330 E 50th St,60615
1653 N Keystone Ave,60639
1801 S Indiana Ave,60616
3501 N Kilbourn Ave,60641
1200 W 77th St,60620
10609 S Western Ave,60643
5200 W Kinzie Parkway,60644
3315 W Carmen Ave,60625
3538 N Lincoln Ave,60657
3538 NLincoln Ave,60657
4143 N Kolmar Ave,60641
6156 N Claremont Ave,60659
11320 S Western Ave,60643
2732 N Avers Ave,60647
2732 N Avers Ave,60647
2732 North Avers Avenue,60647
10556 S Avenue L,60617
1635 W 33rd Place,60608
4330 S Kedvale Ave,60632
4324 S Kedvale Ave,60632
2045 N Lincoln Park West,60614
1333 N Laramie Ave,60651
1333 N Laramie Ave,60651
1380 N Laramie Ave,60651
1320 N Lavergne Ave,60651
5100 N Ridgeway Ave,60625
2800 S Sacramento Ave,60608
2800 S Sacramento Blvd,60608
3117 S Rhodes Ave,60616
3117 S Rhodes Ave,60616
808 N Lake Shore Dr,60611
450 E Benton Place,60601
450 E Benton Pl,60601
808 N Lake Shore,60653
2845 N Lake Shore Drive,60614
1400 W 109th St,60643
5915 N Sheridan Rd,60660
1754 W Albion Ave,60626
11255 S Langley Ave,60628
2045 N Lincoln Park West,60614
5210 W 64th St,60638
5210 W 64th St,60638
1257 W Columbia Ave,60626
6598 South Lake Shore Drive,60649
N Simonds Dr,60640
Lakefront Trail,60649
5120 W 44th St,60638
5120 West 44th Street,60638
3700 W 87th St,60652
3100 W Bryn Mawr Ave,60659
3200 W Hollywood Ave,60659
3000 W Catalpa Ave,60659
3150 W Thorndale Ave,60659
3050 W Hollywood Ave,60659
Peterson and Jersey,60659
7526 S Lowe Ave,60620
664 W 76th St,60620
1700 S Wentworth Ave,60616
1222 W Touhy Ave,60626
1222 W Touhy Ave,60626
7000 N Sacramento Ave,60645
7000 North Sacramento Avenue,60645
7000 N Sacramento,60645
722 East Pershing Road,60653
5458 W Kinzie Pkwy,60644
5458 W Kinzie Parkway,60644
2022 W Cermak Rd,60608
632 W 71st St,60621
4501 N Clarendon Ave,60640
2410 S Trumbull Ave,60623
1200 South Lake Shore Drive,60614
1735 S State St,60616
500-5700 N Lake Shore Drive,60614
2045 W Lincoln Park West,60614
2045 NLincoln Park West,60614
4400 N Lakeshore Drive,60640
4400 North Lake Shore Drive,60640
North Ave & Lake Shore Drive,60614
Cannon Drive and Fullerton Parkway,60614
Diversey Pkwy & Lakeshore drive,60614
2 West Belmont Harbor Drive,60657
West Wilson Drive,60640
2045 N Lincoln Park West,60614
5937 North Broadway,60660
601 West Waveland Avenue,60613
200 West Montrose Harbor Drive,60640
900 W Montrose Harbor Dr,60640
5937 North Broadway,60660
Foster & Lakeshore drive,60614
Lakefront Trail,60640
1940 North Clark Street,60614
Belmont Harbor,60614
2391 N Stockton Dr,60614
2391 N Stockton Drive,60614
2045 N Lincoln Park West,60610
Oak Street & Lake Shore Drive,60614
1650 N Stockton Drive,60614
Briar & Lake Shore Drive West,60614
3700 N Recreation Drive,60614
2001 N Clark St,60614
2045 N Lincoln Park,60614
2045 N Lincoln Park West,60614
221 W Diversey Dr,60614
4500 N Lake Shore Drive,60614
3920 N Recreation Dr,60614
3300 N Lake Shore Dr,60614
2120 N Stockton Dr,60614
4850 N Simonds Dr,60614
929 W Hollywood Ave,60614
2650 N Cannon Dr,60614
3100 N Lake Shore Dr,60614
2045 NLincoln Park West,60614
100 N Central Park Ave,60624
4400 N Lakeshore Drive,60614
4400 N Lake Shore Drive,60647
2045 W Lincoln Park West,60614
6054 S Damen Ave,60636
6054 S Damen Ave,60636
1129-47 N Pulaski Rd,60651
2045 N Lincoln Park West,60614
Luis Munoz Marin Drive,60651
2251 W 50th Pl,60609
2045 N Lincoln Park West,60614
2162 W Polk St,60612
2139 W Lexington St,60612
N Western Ave and Logan Blvd,60647
Balbo Ave & Michigan Ave,60601
1654 S Trumbull Ave,60623
5635 S Indiana Ave,60637
263 McCormick Pl - Busway,60605
5203 S Lowe Ave,60609
2045 N Lincoln Park West,60614
1230 W Greenleaf Ave,60626
1230 W Greenleaf Ave (Greenleaf Ave @ Lake Michigan),60626
1230 W Greenleaf,60626
1200 W Morse Ave,60626
4712 W Belmont Ave,60641
10021 S Luella Ave,60617
5558 S Green St,60621
2239 W Lunt Ave,60645
7700 S Wallace St,60620
3203 W 28th St,60623
4707 W Marquette Rd,60629
337 E Randolph St,60602
331 E Randolph St,60601
800 S Columbus Dr,60601
337 E Randolph St,60601
337 E Randolph,60601
3224 W Flournoy St,60624
1331 W Monroe St,60607
8407 S Kerfoot Ave,60620
12000 South Emerald Avenue,60628
5426 S Shields Ave,60609
6404 S Ellis Ave,60637
1521 S Linn White Dr,60605
3231 S Dearborn St,60616
3858 S Cottage Grove,60653
900 E Pershing Rd,60653
3035 E 130st St,60633
3035 E 130st St,60633
2047 N Spaulding Ave,60647
1640 N Maplewood Ave,60647
1230 W School Street,60657
1735 S State St,60616
3100 S Lake Shore Dr,60616
3100 S Lake Shore Drive,60616
4921 N Marine Drive,60640
4921 N Marine Drive,60640
2045 N Lincoln Park West,60614
2200 E 103rd St,60633
1031 N State St,60611
1208 W Jarvis Ave,60626
6743 S Kedzie Ave,60629
6734 S Kedzie,60629
6721-6757 South Kedzie Avenue,60629
2756 West 63rd Street,60629
6743 S Kedzie Ave,60629
6734 S Kedzie Ave,60629
6700 S Kedzie Avenue,60629
3450 W Marquette Rd,60629
2900 W 71st St,60629
1637 W 87th St,60620
922 W Fletcher St,60657
1200 W 77th St,60620
1200 West 77th Street,60620
1200 W 77TH ST,60620
6743 S Kedzie Ave,60629
922 W Fletcher St,60657
6239 N McClellan Ave,60646
1754 W Albion Ave,60626
4100 W West End Ave,60624
6925 N Ridge Ave,60626
5941 N Richmond St,60659
5835 N Lincoln Ave,60659
5941 N Richmond St,60659
825 W Sheridan Rd,60613
3945 N Springfield Ave,60618
4550 W Sunnyside Ave,60630
901 N Clark St,60610
3843 N California Ave,60618
3843 North California Avenue,60618
10436 S Wallace St,60628
2901 S Poplar Ave,60608
4446 S Emerald Ave,60609
3548 S Wallace St,60609
10714 S Sawyer Ave,60655
2210 W Pershing Rd,60609
2210 West Pershing Road,60609
2230 W Pershing Road,60609
1834 West 35th Street,60609
within McKinley Park Fieldhouse,60609
2210 W Pershing Rd,60609
2210 W Pershing Road,60609
5553 N Ashland Ave,60640
331 W 45th St,60609
149 W 73rd St,60621
2154 E 97th St,60617
2154 E 97th St,60617
6343 W Irving Park Rd,60634
3736 N Marshfield Ave,60613
4134 S State St,60609
2045 North Lincoln Park West,60614
7140 S Martin Luther King Dr,60619
7140 S King Drive,60619
7140 S Martin Luther King Dr,60619
2754 STrumbull Ave,60623
2754 S Trumbull Ave,60623
5311 S Hamilton Ave,60614
5311 S HAMILTON AVE,60609
2045 N Lincoln Park West,60614
401 W Belden Ave,60614
1130 Midway Plaisance North,60637
Midway Plaisance,60637
1130 Midway Plaisance North C,60637
1331 S Millard Ave,60623
846 SMiller St,60607
848 S Miller,60607
1799 North Milwaukee Avenue,60647
2741 W Montrose Ave,60618
5940 S Central Ave,60638
813 East 130th Place,60827
6446 S Kimbark Ave,60637
6446 S Kimbark Ave,60637
6600 S Talman Ave,60629
1810 N Monticello Ave,60647
Bloomingdale Trail,60642
4400 N Lake Shore Dr,60613
Montrose & Lakeshore drive,60640
Montrose & Lake Michigan,60640
601 West Montrose Avenue,60613
601 W Montrose Drive,60614
6679 N Avondale Ave,60631
6679 N Avondale Ave,60631
5085 W Adams,60644
5085 W Adams St,60644
5727 S Racine Ave,60621
11710 S Morgan St,60643
11505 S Western Ave,60643
11505 SWestern Ave,60643
1200 W Morse Ave,60626
2045 N Lincoln Park West,60614
3721 W 111th St,60655
2036 N Avers Ave,60647
3721 W 111th St,60655
3150 S Robinson St,60608
5873 N Nina Ave,60631
5865 N Nina Ave,60631
3000 W Argyle St,60625
2617 W 105th St,60655
5801 N Pulaski Rd,60646
1743 W 73rd St,60655
220 E Chicago Ave,60611
5700 S Lake Shore Dr,60637
6101 N Neva Ave,60631
7117 W Peterson Ave,60631
1833 E 71st,60649
361 E 85th St,60619
361 E 85th St,60619
1852 W 19th St,60608
3015 W Division St,60622
55 W 22nd,60616
2210 West Pershing Road,60609
2533 NSacramento Ave,60647
2533 N Sacramento Ave,60647
2045 N Lincoln Park West,60614
2951 W Nelson St,60618
1355 E 53rd St,60615
1355 E 53rd st,60615
1342 E 54th St,60615
1355 E 53rd St,60615
1300 E 55th St,60615
5414 S Kenwood Ave,60615
5483 S Kimbark Ave,60615
1521 S Linn White Dr,60605
1447 S Harding Ave,60623
1447-1453 S Harding Ave,60623
3232 W Congress Pkwy,60624
2645 N Sheffield Ave,60614
100 N Central Park Ave,60624
6660 W 52nd St,60638
6660 W 52nd St,60638
North Ave & Lake Michigan,60613
1601 N Lake Shore Drive,60611
1600 N Lake Shore Drive,60613
7211 N Kedzie Ave,60645
6404 N Kedzie,60645
4533 W Carmen Ave,60630
5801 N Pulaski Rd,60646
5801 N Pulaski Rd,60646
Columbus Dr & Congress Pkwy,60601
1040 W North Shore Av,60626
1040 W North Shore Ave,60626
1200 S Linn White Dr,60605
1400 S Linn White Dr,60605
1559 South Lake Shore Drive,60605
1521 S Linn White Dr,60605
5801 N Natoma Ave,60631
7117 W Peterson Ave,60631
6101 N Neva Ave,60631
5801 N Natoma Ave,60631
5899 N Avondale,60631
7101 W 63rd St,60638
8335 S Honore St,60620
8335 S Honore St,60620
Kelly Park Path,60613
1000 North Lake Shore Drive,60611
Oak St & Lake Michigan,60611
965 W 95th St,60643
6441 S Oakley Ave,60636
4100 South Lake Shore Drive,60653
6500 S Racine Ave,60636
429 N Columbus Dr,60611
6600 S Racine Ave,60636
1300 W 64th St,60636
6500 S Racine Ave,60636
601 N Harding Ave,60624
4712 W Ohio St,60644
Ohio St & Lake Michigan,60611
600 North Lake Shore Drive,60611
2045 N Lincoln Park West,60614
6566 N Avondale Ave,60631
6566 N Avondale Ave,60631
5430 N Olcott Ave,60656
5430 N OLCOTT AVE,60656
5430 N Oriole Ave,60656
543 N Olcott Ave,60656
744 N Pulaski Rd,60624
744 N Pulaski Rd,60624
4600 North Lake Shore Drive,60640
5800 North and Lake Michigan,60660
337 East Randolph Street,60601
8800 S Clyde,60617
8800 S Clyde Ave,60617
8800 South Clyde Avenue,60617
513 West 72nd Street,60621
2021 N Burling St,60614
4856 S Laflin St,60609
2200 N Kedzie Ave,60647
201 E 111th St,60628
201 E 111th,60628
201 E 111th St,60628
3200 W Palmer Blvd,60647
2700 S Halsted St,60608
2850 S Halsted St,60608
6100 West Fullerton Avenue,60639
Stockton and Dickens,60614
337 E Randolph St,60602
6426 N Kedzie Ave,60645
Park 540,60616
6430 SKenwood Ave,60637
8116 S Halsted St,60620
1420 N Artesian Ave,60622
4302 W Division St,60651
8001 S Wabash Ave,60619
5300 S Halsted St,60609
3232 W Congress Pkwy,60624
3349 W Rice St,60651
5653 S Loomis St,60636
4556 W 56th St,60629
3231 S Dearborn St,60616
2420 W Adams St,60612
730 S Springfield Ave,60624
1800 N Ashland,60622
1420 N Monticello Ave,60651
3517 W Arthington St,60624
5914 N Sheridan Rd,60660
1944 S St Louis Ave,60623
141 W 62nd St,60621
6336 S Kilbourn Ave,60629
2155 W Wabansia Ave,60647
1300 S St Louis,60623
800 W Wisconsin,60614
800 W Wisconsin St,60614
1401 N Noble Street,60622
6426 N Kedzie Ave,60645
6619 North Western Avenue,60612
24th and Federal,60611
2401 S Federal st,60616
2401 S Federal St,60616
450 E Benton Place,60611
450 E Benton Pl,60601
12000 South Emerald Avenue,60628
353 N DesPlaines St,60611
2529 WLogan Blvd,60647
2529 W Logan Blvd,60647
6151 NSheridan Road,60660
7901 S Farragut Dr,60649
1801 N Milwaukee Ave,60647
1358 W Monroe St,60607
1358 W Monroe,60607
2828 S Eleanor St,60608
2828 S Eleanor Street,60608
2828 South Eleanor Street,60608
2540 W Jackson Blvd,60612
2540 W Jackson Blvd,60612
2540 W Jackson Bouldevard,60612
2554 W Jackson Blvd,60612
1919 W Maypole Ave,60607
1801 N Ridgeway Ave,60647
4139 N Oak Park Ave,60634
11625 S Oakley Ave,60643
3938-40 S Indiana Ave,60653
3900 South Lake Park Avenue,60653
4149-53 S Vincennes Ave,60653
4149 -53 S Vincennes Avenue,60653
4546 N KEDVALE AVE,60630
1514 N Larrabee,60610
6336 S Kilbourn Ave,60629
745 W Wrightwood Ave,60614
745 W Wrightwood Ave,60614
3823 W School St,60618
4712 W Belmont Ave,60641
5100 N Ridgeway Ave,60625
1932 W Lunt Ave,60626
5825 S Kostner Ave,60629
5825 S Kostner Ave,60629
2045 N Lincoln Park West,60614
1809 W 50th St,60609
300 E 31st St,60616
2430 N Cannon Dr,60614
4345 S Calumet Ave,60653
4347 S Calumet Ave,60653
500 S Central Ave,60644
30 W 66th St,60621
30 W 66TH ST,60621
5801 N Pulaski Rd,60646
5801 N Pulaski Rd,60646
5641 S Kenwood Ave,60637
6601 N Western Ave,60645
7345 N Washtenaw Ave,60645
1119 W Cullerton St,60608
3520 S Cottage Grove Ave,60653
1312 S Racine Ave,60608
4542 S Greenwood Ave,60653
4434 S Lake Park Ave,60653
808 N Lake Shore Dr,60611
4921 N Marine Drive,60640
1501 W Randolph St,60607
9650 S Avenue M,60617
9650 S Avenue,60617
9501 S Oglesby Ave,60617
1700 S Wentworth Avenue,60616
200-322 West 18th Street,60616
300 W 19th Street,60616
1700 S Wentworth Ave,60616
300 w 18th street,60616
239 West 18th Street,60616
300 W 19th St,60616
1906 South Tom Parkway,60616
4247 W 31st St,60623
4247 W 31st St,60623
4247 W 31st,60623
6801 WImlay St,60631
6801 W Imlay St,60631
6566 N Avondale Ave Chicago,60631
2045 N Lincoln Park West,60614
4044 S Prairie Ave,60653
4100 N Long Ave,60641
4100 N Long,60641
7340 N Rogers Ave,60626
7340 N Rogers Ave,60626
5100 N Francisco Ave,60625
6310 S Drexel Ave,60637
632 S Dearborn St,60605
632-708 S Dearborn,60605
1050 W Pratt Ave,60626
310 SState St,60604
1844 N Sheffield Ave,60614
6401 S Stony Island Ave,60637
5491 S Lake Shore Dr,60615
1419 W Blackhawk St,60642
10940 S Prospect Ave,60643
1419 West Blackhawk Street,60622
11101 S Cottage Grove Ave,60628
4900 N Marine Drive,60640
2045 N Lincoln Park West,60614
6239 N McClellan Ave,60646
7334 S Maryland Ave,60619
2873 E 75th Street (75th St @ Lake Michigan),60649
3111 E 77th St,60649
2873 E 75th St,60649
3111 East 77th St,60649
7900 South South Shore Drive,60617
4350 W 79th St,60652
4350 W 79th St,60652
4604 N Manor Ave,60625
1300 W 79th St,60620
4101 S Lake Park Avenue,60653
1700 S Wentworth Avenue,60616
2509 W Irving Park Rd,60618
2509 W Irving Park Rd,60618
821 W 19th St,60608
821 West 19th Street,60608
2045 N Lincoln Park West,60614
1817 W 96th Street,60643
1817 W 96th St,60643
1817 W 96th St,60643
9625 S Longwood Dr,60643
1817 W 96th Street,60643
9512 S Wood St,60643
4247 West 31st Street,60623
6100 W Fullerton Ave,60639
6100 W Fullerton,60639
6100 W Fullerton,60639
6100 W Fullerton Ave,60639
2045 N Lincoln Park West,60614
5100 N Francisco Ave,60625
401 E River Dr,60611
5075 N Francisco Ave,60625
Junior Fieldhouse,60625
5100 N Francisco Ave,60625
2500 W Lunt Ave,60645
401 E River Dr,60611
2045 W Pratt Blvd,60645
100 N Central Park Ave,60624
2045 N Lincoln Park West,60614
5230 W Argyle St,60630
5200 W Argyle St,60630
9247 S Eggleston Ave,60620
9247 S Eggleston Ave,60620
10540 S Morgan St,60643
7705 N Eastlake Terrace,60626
7345 N Washtenaw Ave,60645
3000 W Argyle,60625
3000 W Argyle St,60625
3000 W Argyle St Chicago,60625
62 W Roosevelt Rd,60605
4901 N Sheridan Rd,60640
W Roscoe St & N Lake Shore Drive,60618
2045 N Lincoln Park West,60614
6312 W Rosedale Ave,60646
7547 S Euclid Ave,60649
7547 S EUCLID AVE,60649
11546 S Avenue L,60617
2045 Lincoln Park West,60614
1552 W Schreiber Ave,60626
3801 W 45th St,60632
3045 E 83rd St,60617
3045 E 83rd St,60617
6871 W Belden Ave,60707
6871 West Belden Avenue,60707
3520 N Sacramento Ave,60618
3520 N Sacramento Ave,60618
2453 W Monroe St,60612
4222 W Foster Ave,60630
5861 N Kostner Ave,60646
4400 WDevon Ave,60646
4400 W Devon Ave,60646
2021 N Burling St,60614
2415 N Marshfield Ave,60614
8900 S Green Bay Ave,60617
1552 W Schreiber Ave,60626
4637 W 83rd St,60652
3299 West Devon Avenue,60712
808 N Lake Shore Dr,60611
Lakefront Trail,60616
2045 N Lincoln Park West,60614
220 E Chicago Ave,60611
2228 N Oakley Ave,60647
2228 N Oakley Ave Chicago,60647
5656 S St Louis Ave,60629
3500 W Norman Bobbins Pl,60629
5887 N Ridge Ave,60660
1519 W Thorndale Ave,60660
Thorndale and Greenview,60660
Elmdale and Greenview,60660
375 W Elm St,60610
6935 W Addison St,60634
6935 W Addison St,60634
3015 West Division Street,60622
3660 W 23rd St,60623
1200 S Lake Shore D,60605
3660 W 23rd St,60623
3505 N Southport Ave,60657
2650 W Peterson Ave,60659
910 S Aberdeen St,60607
1301 W 52nd St,60609
5158 S Ada St,60609
1159 W 54th St,60609
5444 S Loomis Blvd,60609
6201 S Stewart Ave,60621
5701 S Shields Ave,60621
2045 N Lincoln Park West,60614
1521 S Linn White Dr,60605
2430 W Logan Blvd,60647
1640 N Drake Ave,60647
1640 N Drake Ave,60647
2835 S Wallace St,60616
337 E Randolph St,60602
1331 W Adams St,60606
6401 S Stony Island Ave,60637
2526 W Grand Ave,60612
9912 S Princeton Ave,60628
9912 S Princeton Ave,60628
2526 W Grand Ave,60612
534 N Albany Ave,60612
1851 W Huron St,60622
1410 S Museum Campus Dr,60605
1410 S Museum Campus,60605
901 W Oakdale Ave,60657
6514 North Olympia Avenue,60631
North Ave,60614
1300 W Wolfram St,60657
Columbus Dr & Congress Pkwy,60601
7059 S South Shore Dr,60649
7049 S South Shore Dr,60649
7059 S South Shore Dr,60649
E 87th St,60617
4706 North Pulaski Road,60630
4706 N Pulaski Rd,60630
2045 N Lincoln Park West,60614
1521 S Linn White Dr,60605
1401 South Sacramento Drive,60623
5337 S Blackstone Ave,60615
339 N St Louis Ave,60624
St Louis and Bloomingdale,60614
347 N St Louis Ave,60624
6404 N Kedzie Ave,60645
618 W Scott St,60610
2306 W Maypole Ave,60612
5100 S Nordica Ave,60638
3658 S State St,60609
6401 S Stony Island Ave,60637
2700 S Halsted St,60608
2045 N Lincoln Park West,60614
87th at S Lake Shore Drive,60617
87th at S Lake Shore Dr,60617
3150 West Peterson Avenue,60659
3150 W Peterson Ave,60659
1700 S Wentworth Avenue,60616
5446 S Greenwood Ave,60615
5432 S Greenwood Ave,60615
5422 S Greenwood Ave,60615
4347 W 54th St,60632
4347 W 54th St,60632
4347 W 54TH ST Chicago,60632
6631 N Bosworth Ave,60626
4201 S Champlain Ave,60653
2200 N Oakley Ave,60647
3111 East 77th Street,60649
7262 W Summerdale Ave,60656
4320 W 5th Ave,60624
251 W 24th Pl,60616
2045 N Lincoln Park West,60614
4500 N Virginia Ave,60625
5610 W Lake St,60644
2522 N Racine Ave,60614
2528 N Racine Ave,60614
2101 W Superior St,60612
650 W Leamington Ave,60644
5109 S Greenwood Ave,60615
2045 N Lincoln Park West,60614
6205 North Sheridan Road,60660
3344 S 71st St,60629
3344 W 71st St,60629
3344 West 71st St,60629
39 W 47th St,60609
39 W 47th St,60609
704 W 42nd St,60609
2700 S Halsted St,60608
East 87th St at Lake Michigan,60617
1521 S Linn White Dr,60605
2153 North Humboldt Boulevard,60647
2045 N Lincoln Park West,60614
657 E 114th St,60628
1400 S Lake Shore Dr,60605
2391 N Stockton Dr,60614
8421 S Morgan St,60620
3186 West Palmer Square,60647
2401 N Lake Shore Dr,60614
4100 N Long Ave,60641
55 W Cermak Rd,60616
55 W 22nd,60616
375 W Elm St,60610
7348 N Paulina St,60626
5887 N Ridge Ave,60660
2401 N Lake Shore Drive,60614
6871 W Belden Ave,60707
1130 Midway Plaisance North,60637
4100 N Long Ave,60641
1811 S Throop St,60608
4759 N Lavergne Ave,60630
230 N Kolmar,60624
305 N Kostner Ave,60624
305 NKostner Ave,60624
2021 N Burling St,60614
1045 W Pratt,60626
1700 S Wentworth Ave,60616
7348 N Paulina St,60626
2106 W Adams St,60612
1419 W Blackhawk St,60642
2250 N Clifton Ave,60614
1750 W Juneway Terrace,60626
1750 W Juneway Ter,60626
East 87th at Lake Michigan,60617
2400 E 105th St,60617
2400 E 105th St,60617
5100 N Ridgeway Ave,60625
501 E 90th Pl,60619
1801-11 N Milwaukee Ave Chicago,60647
1249 N Astor St,60610
301 S Columbus Dr,60605
2045 N Lincoln Park West,60614
1501 W Randolph St,60606
1501 W Randolph St,60607
1119 W Cullerton St,60608
2636 N Kimball Ave,60647
2636 N Kimball,60647
900 W Wilson Ave,60640
7001 W 59th St,60638
2045 N Lincoln Park West,60614
3200 W Palmer Blvd,60647
2820 E 98th St,60617
2820 E 98th St,60617
4120 W Taylor St,60624
5010 W 50th St,60638
2100 W Lawrence Ave,60625
948 W 51st,60609
948 W 51st,60609
5801 N Pulaski Rd,60646
607 W 92nd St,60620
1722 N Ashland Ave,60614
1719 W Wolfram St,60657
630 N Kingsbury St,60606
1446 W Warner Ave,60613
6601 N Western Ave,60645
6601 North Western Avenue,60645
6601 N Western Ave,60645
2350 W Pratt Blvd,60645
2050 W Pratt Blvd,60645
6650 N Claremont Ave,60645
8213 S Euclid Ave,60617
5531 S Martin Luther King Dr,60637
5531 S King Dr,60615
5200 S Hyde Park Blvd,60615
7710 N Paulina St,60626
5200 S Hyde Park Blvd,60615
4147 W 58th St,60637
5531 S King Dr,60637
5531 S Martin Luther King Dr,60637
740 E 65th Pl,60637
5200 South Ellsworth Drive,60615
5531 S Martin Luther King Dr,60637
5531 S King Dr,60637
5531 S Russell Drive,60637
5450 S Cottage Grove Ave,60637
5250 S Dr Martin Luther King Jr Dr,60637
550 E 60th St,60637
5650 S Dr Martin Luther King Jr Dr,60637
901 N Clark St,60610
2521 South Washtenaw Ave,60608
2521 South Washtenaw Ave,60608
2521 S Washtenaw Ave,60608
1200 W 77th St,60620
1357 S Indiana Ave,60605
901 W Oakdale Ave,60657
2333 W Sunnyside Ave,60625
2333 W Sunnyside Ave,60625
667 W Roscoe St,60657
3770 S Wentworth Ave,60609
5625 S Mobile Ave,60638
6325 W 56th St,60638
3770 S Wentworth Ave,60609
5625 S Mobile Ave,60638
13401-11 S Avenue M,60633
13401 South Ave M,60633
8223 S Princeton Ave,60620
8223 S PRINCETON AVE,60620
8223 S Princeton Ave,60620
4233 W 65th St,60629
4233 W 65TH ST,60629
401 W 123rd St,60628
400 W 123rd St,60628
401 W 123rd St,60628
5601 N Western Ave,60659
5801 N Western Ave,60659
5821 North Western Avenue,60659
907 N Western Ave,60622
"907 N Western Ave,",60622
10609 S Western Ave,60643
North Central Park Avenue,60624
1120 W 122nd Street,60643
1120 W 122nd Street,60643
1120 W 122nd St,60643
410 W Chicago Ave,60654
1610 W Howard,60626
2100 E 134th St,60633
211 S Loomis St,60607
1425 N Damen Avenue,60622
1425 N Damen Ave,60622
1425 N Damen Ave,60622
1425 N Damen Avenue,60622
1747 W Nelson St,60657
6950 N Hiawatha Ave,60646
2045 N Lincoln Park West,60614
2210 W Pershing Rd,60609
2850 S State St,60616
2820 S State St,60616
4101 S Lake Park Ave,60653
4101 S Lake Park Avenue,60653
4630 N Milwaukee Ave,60630
1122 W 34th Pl C,60608
1122 W 34th Pl,60608
1122 W 34th Pl C,60608
3225 S Racine Avenue,60608
3225 S Racine Ave,60608
3225 South Racine Avenue,60608
Wilson and Lake Shore Drive,60614
1050 W Pratt Ave,60626
2045 N Lincoln Park West,60614
5100 N Leavitt St,60625
2135 W Foster Ave,60625
5101 N Leavitt St,60625
5001 N Leavitt St,60625
5110 N Damen Ave,60625
5001 N Leavitt St,60625
6551 S Wolcott Ave,60636
1355 E 53rd St,60615
3325 E 108th St,60617
3945 North Springfield Avenue,60618
2914 N Leavitt St,60618
7340 S East End Ave,60649
7340 S East End Ave,60649
6200 S Drexel Ave,60637
100 N Central Park Ave,60624
5200 S Payne Drive,60615
2534 N Greenview Ave,60614
